,SP500,Financials,Industrials,Consumer Staples,Energy,Information Technology,Utilities
SP500,0.038506317,0.050888216,0.039609775,0.021867967,0.039781808,0.046299035,0.025107061
Financials,0.050888216,0.09178879,0.054129635,0.027759947,0.052236398,0.05205649,0.030928821
Industrials,0.039609775,0.054129635,0.048367664,0.022637929,0.042711933,0.044392509,0.025408799
Consumer Staples,0.021867967,0.027759947,0.022637929,0.023106838,0.022699048,0.019901898,0.019375314
Energy,0.039781808,0.052236398,0.042711933,0.022699048,0.080889331,0.037189857,0.030934983
Information Technology,0.046299035,0.05205649,0.044392509,0.019901898,0.037189857,0.075393353,0.023723817
Utilities,0.025107061,0.030928821,0.025408799,0.019375314,0.030934983,0.023723817,0.040710464
